name,roll_number,branch,valid_upto,timestamp
Brinley Houston RolLno,202B1A0523,CSE  Valid Upto,2024,23-06-2025 12:02
Marilyn Cortez RolLno,212B1E0598,EEE  Valid Upto,2025,23-06-2025 18:05
Sylas Marks RolLno,202B1A0534,,2024,23-06-2025 18:05
Sylas Marks RolLno,202B1A0534,,2024,24-06-2025 13:26
Monica Harris RolLno,202B1A0545,CSE-Ai  Valid Upto,2024,24-06-2025 13:29
Sylas Marks RolLno,202B1A0534,,2024,24-06-2025 13:36
Sylas Marks RolLno,202B1A0534,,2024,24-06-2025 16:21
Sylas Marks RolLno,202B1A0534,,2024,24-06-2025 16:46
Sylas Marks RolLno,202B1A0534,,2024,24-06-2025 16:47
Huxley Edward RolLno,232B1E0491,CSE-Al  Valid Upto,2027,24-06-2025 16:50
Marilyn Cortez RolLno,212B1E0598,EEE  Valid Upto,2025,24-06-2025 16:54
Raven Chen RolLno,232B1E0467,CSE-ML  Valid Upto,2027,24-06-2025 16:59
Sylas Marks RolLno,202B1A0534,,2024,24-06-2025 16:59
Sylas Marks RolLno,202B1A0534,,2024,24-06-2025 17:06
Brinley Houston RolLno,202B1A0523,CSE  Valid Upto,2024,24-06-2025 17:06
Brinley Houston RolLno,202B1A0523,CSE  Valid Upto,2024,24-06-2025 17:10
Brinley Houston RolLno,202B1A0523,CSE  Valid Upto,2024,24-06-2025 17:18
Brinley Houston RolLno,202B1A0523,CSE  Valid Upto,2024,25-06-2025 09:35
Brinley Houston RolLno,202B1A0523,CSE  Valid Upto,2024,25-06-2025 16:28
Monica Harris RolLno,202B1A0545,CSE-Ai  Valid Upto,2024,25-06-2025 16:28
Monica Harris RolLno,202B1A0545,CSE-Ai  Valid Upto,2024,25-06-2025 16:32
Monica Harris RolLno,202B1A0545,CSE-Ai  Valid Upto,2024,25-06-2025 16:34
Collin Cardenas RolLno,232B1E0456,CSE-ML,2027,25-06-2025 16:43
Sylas Marks RolLno,202B1A0534,,2024,26-06-2025 10:06
Monica Harris RolLno,202B1A0545,CSE-Ai  Valid Upto,2024,26-06-2025 12:11
Monica Harris RolLno,202B1A0545,CSE-Ai  Valid Upto,2024,26-06-2025 12:14
Huxley Edward RolLno,232B1E0491,CSE-Al  Valid Upto,2027,26-06-2025 12:14
Huxley Edward RolLno,232B1E0491,CSE-Al  Valid Upto,2027,26-06-2025 12:18
Brinley Houston RolLno,202B1A0523,CSE  Valid Upto,2024,26-06-2025 12:18
Brinley Houston RolLno,202B1A0523,CSE  Valid Upto,2024,26-06-2025 12:37
Monica Harris RolLno,202B1A0545,CSE-Ai  Valid Upto,2024,26-06-2025 12:39
Sylas Marks RolLno,202B1A0534,,2024,26-06-2025 12:52
Sylas Marks RolLno,202B1A0534,,2024,26-06-2025 13:22
Marilyn Cortez RolLno,212B1E0598,EEE  Valid Upto,2025,26-06-2025 15:35
Sylas Marks RolLno,202B1A0534,,2024,28-06-2025 17:42
Sylas Marks RolLno,202B1A0534,,2024,28-06-2025 17:43
Cayden Hale RolLno,202B1A0512,,2024,28-06-2025 18:07
Divya Kumari RolLno,22211A0567,,2026,28-06-2025 18:08
