name,roll_number,branch,valid_upto,timestamp
Divya Kumari,22211A0567,(CSE,2026,17-06-2025 17:40
Lalitha,22211A0512,CSE-Al,2026,17-06-2025 17:40
Geethambhika,22211A0523,CSE-Al,2026,17-06-2025 17:40
Mallika,222M1A0534,CSE-Al,2026,17-06-2025 17:40
Priya,222M1A0501,Civil Engineering,2026,17-06-2025 17:40
Gabriella Nguyen,202M1A0502,Civil Engineering,2024,17-06-2025 17:40
Caspian McCormick,202M1A0503,Civil Engineering,2024,17-06-2025 17:40
Macie Harvey,202M1A0504,Mechanical Engineering,2024,17-06-2025 17:40
Camille Deleon,202B1A0505,Mechanical Engineering,2024,17-06-2025 17:40
Cayden Hale,202B1A0512,(CSE,2024,17-06-2025 17:40
Brinley Houston,202B1A0523,CSE,2024,17-06-2025 17:40
Sylas Marks,202B1A0534,(CSE,2024,17-06-2025 17:40
Monica Harris,202B1A0545,CSE-Ai,2024,17-06-2025 17:40
Zayn Park,202B1A0556,CSE-Ai,2024,17-06-2025 17:40
Samuel Herring,212B1A0567,CSE-Ai,2025,17-06-2025 17:40
Denver Ortiz,212B1A0578,CSE-Ai,2025,17-06-2025 17:40
Landon Benton,212B1A0589,CSE-Ai,2025,17-06-2025 17:40
Anais Edward,212B1E0590,EEE,2025,17-06-2025 17:40
Adrian Bruce,212B1E0509,EEE,2025,17-06-2025 17:40
Marilyn Cortez,212B1E0598,EEE,2025,17-06-2025 17:40
Jagger Rois,232B1E0412,EEE,2027,17-06-2025 17:40
Brooke Donovan,232B1E0423,EEE,2027,17-06-2025 17:40
Brayan Erickson,232B1E0434,CSE-ML,2027,17-06-2025 17:40
Sabrina Castaneda,232B1E0445,CSE-ML,2027,17-06-2025 17:40
Collin Cardenas,232B1E0456,CSE-ML,2027,17-06-2025 17:40
Raven Chen,232B1E0467,CSE-ML,2027,17-06-2025 17:40
Emmanuel Jimenez,232B1E0478,CSE-Al,2027,17-06-2025 17:40
Adeline Salas,232B1E0489,CSE-Al,2027,17-06-2025 17:40
Myra Villanueva,232B1E0490,CSE-AI,2027,17-06-2025 17:40
Huxley Edward,232B1E0491,CSE-Al,2027,17-06-2025 17:40
"IT

BOMBAY

NAME

Brinley Houston
RolLno",202B1A0523,"CSE

valid",,
IT,202B1A0545,CSE,,
